job_id,resume_id,skills_score,degrees_score,majors_scoreoverall_score
4287,4287,0.7425263338,0.5,0,0.4962631669
4287,4288,0.6343628615,0.5,0,0.44218143075
4287,4289,0.6282672808,0.5,0,0.4391336404
4288,4287,0.5481245831,0.5,0,0.39906229155
4288,4288,0.6564443171,0.5,0,0.45322215855
4288,4289,0.5413973406,0.5,0,0.3956986703
4289,4287,0.6319693446,0.5,0.5,0.5659846722999999
4289,4288,0.5704236627,0.5,0.5,0.5352118313500001
4289,4289,0.4812373877,0.5,0.5,0.49061869385
