job_id,resume_id,skills_score,degrees_score
4287,4287,0.715692,0.5,0
4288,4288,0.656444,0.5,0
4289,4289,0.481237,0.5,0
4290,4290,0.527339,0.5,0
4291,4291,0.672395,0,0
4292,4292,0.46957,0.5,0
4293,4293,0.548503,0.5,0
4294,4294,0.760718,0.5,0
4295,4295,0.245818,0.5,0
4296,4296,0.721628,0.5,0
4297,4297,0.426869,0.5,0
4298,4298,0.55653,0.5,0
4299,4299,0.531419,0,0
